t,sum_ma,max_ma,min_mv,r15,r98_mv,r98_ma,ra0_mv,ra0_ma,r60_0,r60_1,r60_2,r60_3,r60_4,r60_5,r60_6,r60_7,r70_0,r70_1,r70_2,rc0_0,rc0_1,rc0_2
829.452,2360,440,12160,51,12160,1180,12152,368,453,476,473,467,488,481,423,453,-28,-181,-4130,4120412,6269077,3008214
830.007,7260,1300,12136,50,12128,3600,12144,448,453,477,475,468,488,482,423,454,-21,-179,-4135,4120412,6269078,3008214
830.545,16860,3000,12096,51,12072,8460,12136,560,453,478,480,469,488,483,424,455,-21,-179,-4135,4120412,6269078,3008214
831.085,24240,4300,12056,51,12032,12260,12120,640,454,479,483,470,489,483,425,456,-32,-182,-4131,4120412,6269078,3008215
831.625,29760,5280,12032,51,12000,15060,12120,720,454,480,487,471,489,484,427,457,-32,-182,-4131,4120412,6269078,3008215
832.164,34140,6060,12008,51,11968,17240,12112,768,455,481,491,472,488,485,429,458,-24,-176,-4135,4120412,6269078,3008216
832.702,37420,6640,11992,51,11952,18940,12104,816,455,483,494,474,488,485,431,460,-24,-176,-4135,4120412,6269078,3008216
833.241,39980,7100,11984,51,11936,20260,12104,840,455,484,496,476,488,485,433,461,-22,-180,-4134,4120412,6269078,3008217
833.781,41140,7300,11976,51,11928,20820,12104,864,456,485,499,478,488,486,434,462,-22,-180,-4134,4120412,6269078,3008218
834.323,42220,7500,11968,51,11928,21360,12096,888,456,486,501,480,488,487,435,463,-25,-183,-4129,4120412,6269078,3008218
834.865,42860,7620,11968,51,11920,21700,12096,896,456,488,503,481,488,488,436,465,-25,-183,-4129,4120412,6269078,3008219
835.406,43220,7700,11968,52,11920,21960,12096,904,457,490,505,483,489,489,438,466,-29,-179,-4133,4120412,6269078,3008219
835.947,43300,7700,11968,52,11912,22120,12096,904,458,491,507,485,490,490,440,467,-29,-179,-4133,4120412,6269078,3008220
836.49,43720,7760,11960,52,11912,22120,12096,912,458,493,509,487,490,491,441,468,-27,-182,-4141,4120412,6269078,3008220
837.032,44040,7820,11960,52,11912,22280,12096,920,459,495,511,489,491,491,442,469,-27,-182,-4141,4120412,6269078,3008221
837.571,44420,7880,11960,52,11912,22460,12096,928,459,496,513,491,491,493,443,470,-26,-180,-4139,4120412,6269078,3008221
838.111,44800,7960,11960,52,11904,22660,12096,936,460,498,515,492,492,493,445,471,-26,-180,-4139,4120412,6269078,3008222
838.651,45120,8020,11960,53,11904,22820,12096,944,460,500,518,493,493,494,446,472,-23,-185,-4142,4120412,6269078,3008222
839.196,45360,8060,11960,53,11904,22960,12096,944,460,501,520,495,494,495,448,473,-23,-185,-4142,4120412,6269078,3008223
839.734,45580,8080,11952,53,11904,23080,12096,952,460,503,522,497,495,496,448,474,-18,-182,-4137,4120412,6269078,3008223
840.273,45720,8120,11952,53,11904,23160,12096,952,461,505,524,498,495,496,450,475,-18,-182,-4137,4120412,6269078,3008224
840.813,45860,8140,11952,53,11904,23220,12096,960,461,506,526,500,496,497,451,476,-24,-179,-4137,4120412,6269078,3008225
841.352,45980,8160,11952,53,11904,23280,12096,960,461,507,528,501,497,498,452,477,-24,-179,-4137,4120412,6269078,3008225
841.891,46060,8180,11952,53,11904,23340,12096,960,461,509,530,503,498,498,453,478,-26,-181,-4135,4120412,6269078,3008226
842.43,46120,8180,11952,54,11896,23360,12096,960,462,511,532,505,498,499,454,479,-26,-181,-4135,4120412,6269078,3008226
842.969,46200,8200,11952,54,11896,23400,12096,960,463,512,535,506,499,500,455,480,-20,-176,-4134,4120412,6269078,3008227
843.507,46260,8220,11952,54,11896,23440,12096,960,463,514,536,508,500,501,456,481,-20,-176,-4134,4120412,6269078,3008227
844.047,46320,8220,11952,54,11896,23460,12096,960,463,515,538,510,501,501,457,482,-23,-177,-4137,4120412,6269078,3008228
844.585,46360,8220,11952,54,11896,23500,12096,960,463,517,541,511,501,502,458,483,-23,-177,-4137,4120412,6269078,3008228
845.125,46400,8240,11952,54,11896,23500,12096,968,465,518,543,513,502,503,460,485,-19,-175,-4145,4120412,6269078,3008229
845.664,46420,8240,11952,54,11896,23520,12096,968,465,520,545,515,503,504,461,485,-19,-175,-4145,4120412,6269078,3008229
846.203,46480,8260,11952,55,11896,23540,12096,968,465,522,546,516,504,505,461,486,-19,-175,-4145,4120412,6269078,3008230
846.742,46500,8260,11952,55,11896,23560,12096,968,466,523,549,517,505,506,463,488,-24,-177,-4137,4120412,6269078,3008230
847.281,46540,8260,11952,55,11896,23560,12096,968,466,525,551,519,506,506,463,488,-24,-177,-4137,4120412,6269078,3008231
847.82,46560,8260,11952,55,11896,23580,12096,968,466,526,552,520,506,507,465,490,-17,-178,-4138,4120412,6269078,3008232
848.359,46600,8280,11952,56,11896,23600,12096,968,467,528,555,521,507,508,465,490,-17,-178,-4138,4120412,6269078,3008232
848.898,46620,8280,11952,56,11896,23620,12096,968,468,529,556,523,508,509,466,492,-26,-176,-4137,4120412,6269078,3008233
849.437,46680,8280,11952,56,11896,23640,12096,968,468,531,558,525,509,510,468,493,-26,-176,-4137,4120412,6269078,3008233
849.976,46680,8280,11952,56,11896,23640,12096,968,469,532,560,526,510,511,468,494,-21,-175,-4138,4120412,6269078,3008234
850.515,46700,8300,11952,56,11896,23660,12096,968,470,533,562,527,510,512,470,495,-21,-175,-4138,4120412,6269078,3008234
851.055,46740,8300,11952,56,11896,23680,12096,968,470,535,564,529,511,513,470,496,-26,-183,-4142,4120412,6269078,3008235
851.595,46760,8300,11952,56,11896,23680,12096,968,470,536,566,530,512,514,471,497,-26,-183,-4142,4120412,6269078,3008235
852.137,46760,8300,11952,57,11896,23700,12096,968,471,538,568,531,513,515,472,498,-21,-181,-4144,4120412,6269078,3008236
852.675,46800,8300,11952,57,11896,23700,12096,968,471,539,570,533,514,516,473,499,-21,-181,-4144,4120412,6269078,3008236
853.214,46820,8320,11952,57,11896,23700,12096,968,472,541,571,535,515,517,474,500,-25,-181,-4138,4120412,6269078,3008237
853.755,46820,8320,11952,57,11896,23700,12096,968,473,542,573,536,515,518,475,501,-25,-181,-4138,4120412,6269078,3008237
854.295,46780,8300,11952,57,11896,23680,12096,968,473,543,575,537,516,518,476,502,-24,-174,-4140,4120412,6269078,3008238
854.835,46820,8320,11952,57,11896,23720,12096,976,474,545,577,538,517,520,476,503,-24,-174,-4140,4120412,6269078,3008239
855.375,46820,8320,11952,57,11896,23740,12096,976,475,546,578,540,518,521,478,505,-19,-175,-4132,4120412,6269078,3008239
855.914,46820,8320,11952,57,11896,23740,12096,976,475,547,580,541,519,521,479,506,-19,-175,-4132,4120412,6269078,3008240
856.454,46800,8320,11952,57,11896,23720,12096,976,476,549,583,543,520,523,480,507,-22,-175,-4140,4120412,6269078,3008240
856.993,46840,8320,11952,58,11896,23740,12096,976,476,550,585,544,521,524,480,508,-22,-175,-4140,4120412,6269078,3008241
857.535,46920,8340,11952,58,11896,23760,12096,976,477,551,586,545,521,525,481,509,-9,-171,-4137,4120412,6269078,3008241
858.073,46960,8340,11952,58,11896,23800,12096,976,478,553,588,546,522,525,482,510,-9,-171,-4137,4120412,6269078,3008242
858.611,46980,8340,11952,58,11896,23800,12096,976,478,554,590,548,523,526,483,511,-20,-176,-4145,4120412,6269078,3008242
859.15,47020,8340,11952,58,11896,23820,12096,976,479,555,591,549,525,528,484,512,-20,-176,-4145,4120412,6269078,3008243
859.687,47060,8360,11952,58,11896,23840,12096,976,480,556,593,550,525,529,485,513,-14,-174,-4136,4120412,6269078,3008243
860.226,47080,8360,11952,58,11896,23860,12096,976,480,558,595,551,526,530,486,514,-14,-174,-4136,4120412,6269078,3008244
860.766,47100,8360,11952,59,11896,23860,12096,976,481,558,596,553,526,530,486,515,-21,-177,-4140,4120412,6269078,3008244
861.306,47160,8360,11952,59,11896,23880,12096,976,481,560,598,554,528,531,488,516,-21,-177,-4140,4120412,6269078,3008245
861.845,47180,8380,11952,59,11896,23900,12096,976,481,561,600,555,528,533,488,517,-14,-174,-4138,4120412,6269078,3008246
862.384,47180,8380,11952,59,11896,23920,12096,984,483,563,601,556,529,534,489,518,-14,-174,-4138,4120412,6269078,3008246
862.924,47200,8380,11952,59,11896,23920,12096,984,483,563,603,558,530,535,490,520,-14,-174,-4138,4120412,6269078,3008247
863.463,47220,8380,11952,59,11896,23940,12096,984,484,565,605,559,531,536,491,520,-15,-173,-4140,4120412,6269078,3008247
864.001,47220,8380,11952,60,11896,23940,12096,984,485,566,606,560,531,537,491,521,-15,-173,-4140,4120412,6269078,3008248
864.539,47240,8380,11952,60,11896,23940,12096,984,485,567,608,561,533,538,493,522,-24,-178,-4139,4120412,6269078,3008248
865.078,47240,8380,11952,60,11896,23940,12096,984,486,568,610,563,533,538,494,523,-24,-178,-4139,4120412,6269078,3008249
865.618,47240,8380,11952,60,11896,23940,12096,984,486,570,611,564,535,540,495,525,-23,-174,-4139,4120412,6269078,3008249
866.159,47300,8400,11952,60,11896,23960,12096,984,486,571,613,565,535,540,495,525,-23,-174,-4139,4120412,6269078,3008250
866.701,47320,8400,11952,60,11896,23960,12096,984,488,571,614,566,536,541,496,526,-20,-177,-4146,4120412,6269078,3008250
867.239,47320,8400,11952,60,11896,23960,12096,984,488,573,616,567,537,542,496,527,-20,-177,-4146,4120412,6269078,3008251
867.778,47320,8400,11952,60,11896,23980,12096,984,489,574,618,568,537,543,498,528,-16,-174,-4144,4120412,6269078,3008251
868.317,47320,8400,11952,61,11896,24000,12096,984,490,575,620,569,538,545,498,530,-16,-174,-4144,4120412,6269078,3008252
868.857,47320,8400,11952,61,11896,24000,12096,984,490,576,621,571,540,545,500,530,-19,-175,-4138,4120412,6269078,3008253
869.398,47100,8380,11952,61,11896,23880,12096,984,491,577,622,571,540,546,500,531,-19,-175,-4138,4120412,6269078,3008253
869.938,47100,8380,11952,61,11896,23860,12096,984,491,578,624,573,541,547,501,533,-10,-173,-4135,4120412,6269078,3008254
870.478,46900,8340,11952,61,11896,23760,12096,992,492,580,625,574,541,548,502,533,-10,-173,-4135,4120412,6269078,3008254
871.019,46780,8320,11952,61,11896,23740,12096,992,493,581,626,575,542,549,503,535,-14,-174,-4144,4120412,6269078,3008255
871.558,46800,8320,11952,61,11896,23760,12096,992,493,581,628,576,543,550,503,536,-14,-174,-4144,4120412,6269078,3008255
872.099,46760,8320,11952,61,11896,23720,12096,992,494,583,629,578,544,551,504,536,-17,-180,-4144,4120412,6269078,3008256
872.641,46700,8300,11952,62,11896,23700,12096,992,495,584,630,579,545,552,505,538,-17,-180,-4144,4120412,6269078,3008256
873.182,46720,8300,11952,62,11896,23700,12096,992,495,585,632,580,546,553,506,539,-16,-178,-4142,4120412,6269078,3008257
873.722,46660,8300,11952,62,11896,23660,12096,992,496,586,633,581,546,554,506,540,-16,-178,-4142,4120412,6269078,3008257
874.264,46640,8300,11952,62,11896,23640,12096,992,496,588,635,583,547,555,507,540,-19,-175,-4140,4120412,6269078,3008258
874.803,46800,8320,11952,62,11896,23720,12096,992,497,588,636,583,548,556,508,541,-19,-175,-4140,4120412,6269078,3008258
875.342,46940,8340,11952,62,11896,23760,12096,992,498,590,638,585,549,557,509,543,-18,-175,-4141,4120412,6269078,3008259
875.881,47060,8360,11952,62,11896,23840,12096,992,498,590,639,585,550,558,510,543,-18,-175,-4141,4120412,6269078,3008260
876.419,47200,8380,11952,62,11896,23900,12096,992,499,591,641,586,550,559,510,545,-13,-171,-4140,4120412,6269078,3008260
876.959,47200,8380,11952,62,11896,23940,12096,992,500,592,642,586,551,560,511,545,-13,-171,-4140,4120412,6269078,3008261
877.498,47160,8380,11952,63,11896,23920,12096,992,500,593,643,588,552,561,512,546,-15,-172,-4148,4120412,6269078,3008261
878.038,47200,8380,11952,63,11896,23960,12096,992,501,594,645,589,553,561,513,546,-15,-172,-4148,4120412,6269078,3008262
878.579,47300,8400,11952,63,11896,24000,12096,992,501,595,646,590,553,563,513,548,-14,-171,-4139,4120412,6269078,3008262
879.123,47340,8400,11952,63,11896,24020,12096,992,501,596,648,591,554,563,515,549,-14,-171,-4139,4120412,6269078,3008263
879.662,47380,8400,11944,63,11896,24040,12096,992,502,596,649,591,555,565,515,550,-14,-171,-4139,4120412,6269078,3008263
880.201,47420,8420,11944,63,11896,24060,12096,992,503,597,650,592,555,565,516,550,-22,-175,-4141,4120412,6269078,3008264
880.741,47460,8420,11944,63,11896,24060,12096,992,504,598,651,593,556,566,516,551,-22,-175,-4141,4120412,6269078,3008264
881.279,47520,8440,11944,63,11896,24080,12096,992,505,599,653,594,557,567,518,553,-16,-174,-4142,4120412,6269078,3008265
881.818,47520,8440,11944,63,11896,24080,12096,992,506,600,655,595,558,568,518,553,-16,-174,-4142,4120412,6269078,3008265
882.358,47540,8440,11944,63,11888,24100,12096,992,506,601,656,596,559,569,520,554,-19,-173,-4144,4120412,6269078,3008266
882.897,47580,8440,11944,64,11888,24120,12096,992,506,602,657,597,560,570,520,555,-19,-173,-4144,4120412,6269078,3008267
883.436,47600,8460,11944,64,11888,24120,12096,992,507,603,658,598,560,570,521,556,-14,-173,-4154,4120412,6269078,3008267
883.975,47660,8460,11944,64,11888,24120,12096,1000,508,603,660,598,561,571,521,557,-14,-173,-4154,4120412,6269078,3008268
884.514,47680,8460,11944,64,11888,24140,12096,1000,508,605,661,600,561,573,522,558,-17,-170,-4150,4120412,6269078,3008268
885.054,47680,8460,11944,64,11888,24160,12096,1000,508,605,663,600,562,573,523,559,-17,-170,-4150,4120412,6269078,3008269
885.594,47680,8460,11944,64,11888,24160,12096,1000,510,606,663,601,563,575,524,560,-24,-174,-4141,4120412,6269078,3008269
886.136,47700,8460,11944,64,11888,24160,12096,1000,510,607,665,602,563,575,525,560,-24,-174,-4141,4120412,6269078,3008270
886.675,47700,8460,11944,64,11888,24180,12096,1000,510,608,666,603,564,576,525,561,-20,-175,-4144,4120412,6269078,3008270
887.216,47720,8480,11944,64,11888,24200,12096,1000,511,608,667,604,565,577,526,562,-20,-175,-4144,4120412,6269078,3008271
887.756,47720,8480,11944,65,11888,24180,12096,1000,511,610,669,605,566,578,526,563,-14,-175,-4138,4120412,6269078,3008271
888.295,47740,8480,11944,65,11888,24160,12096,1000,513,610,670,606,566,579,528,564,-14,-175,-4138,4120412,6269078,3008272
888.833,47800,8480,11944,64,11888,24180,12096,1000,513,611,671,606,567,580,528,565,-23,-174,-4142,4120412,6269078,3008272
889.372,47780,8480,11944,65,11888,24180,12096,1000,513,612,673,608,567,580,530,566,-23,-174,-4142,4120412,6269078,3008273
889.912,47820,8480,11944,65,11888,24220,12096,1000,514,613,673,608,568,581,530,566,-20,-174,-4150,4120412,6269078,3008274
890.453,47820,8480,11944,65,11888,24240,12096,1000,515,613,675,609,568,582,531,567,-20,-174,-4150,4120412,6269078,3008274
890.993,47820,8480,11944,65,11888,24240,12096,1000,515,614,676,610,570,583,531,568,-26,-175,-4152,4120412,6269078,3008275
891.538,47820,8480,11944,65,11888,24240,12096,1000,516,615,677,611,570,584,532,569,-26,-175,-4152,4120412,6269078,3008275
892.077,47840,8480,11944,65,11888,24240,12096,1000,516,616,678,611,570,585,533,570,-13,-173,-4148,4120412,6269078,3008276
892.616,47840,8480,11944,65,11888,24260,12096,1000,516,616,680,612,571,585,534,571,-13,-173,-4148,4120412,6269078,3008276
893.155,47860,8500,11944,66,11888,24260,12096,1000,517,618,681,613,572,586,535,571,-17,-173,-4135,4120412,6269078,3008277
893.695,47880,8480,11944,65,11888,24280,12096,1000,518,618,682,614,573,587,535,572,-17,-173,-4135,4120412,6269078,3008277
894.234,47920,8500,11944,66,11888,24260,12096,1000,518,619,683,615,573,588,536,573,-9,-169,-4139,4120412,6269078,3008278
894.773,47900,8500,11944,66,11888,24260,12096,1000,519,620,685,616,574,589,537,574,-9,-169,-4139,4120412,6269078,3008278
895.312,47900,8500,11944,66,11888,24260,12096,1008,520,620,685,616,575,590,538,575,-9,-169,-4139,4120412,6269078,3008279
895.851,47900,8500,11944,66,11888,24260,12096,1000,520,621,686,617,575,590,538,575,-22,-171,-4144,4120412,6269078,3008280
896.392,47900,8500,11944,66,11888,24260,12096,1000,521,622,688,618,576,591,539,576,-22,-171,-4144,4120412,6269078,3008280
896.931,47920,8500,11944,66,11888,24300,12096,1000,521,622,689,618,576,592,540,577,-23,-175,-4140,4120412,6269078,3008281
897.471,47960,8500,11944,66,11888,24320,12096,1008,522,623,690,619,577,593,541,578,-23,-175,-4140,4120412,6269078,3008281
898.012,47980,8500,11944,66,11888,24300,12096,1008,523,624,691,620,578,593,541,578,-17,-167,-4147,4120412,6269078,3008282
898.551,48000,8520,11944,66,11888,24300,12096,1008,523,625,692,621,578,595,542,580,-17,-167,-4147,4120412,6269078,3008282
899.091,48020,8520,11944,66,11888,24300,12096,1008,524,625,693,621,579,595,543,580,-16,-171,-4151,4120412,6269078,3008283
899.629,48000,8520,11944,66,11888,24300,12096,1008,524,626,695,622,580,596,543,581,-16,-171,-4151,4120412,6269078,3008283
900.169,48020,8520,11944,66,11888,24300,12096,1008,525,626,695,623,580,596,544,581,-13,-170,-4150,4120412,6269078,3008284
900.708,48040,8520,11944,66,11888,24300,12096,1008,525,627,696,623,580,598,545,583,-13,-170,-4150,4120412,6269078,3008284
901.247,48040,8520,11944,67,11888,24320,12096,1008,526,628,698,624,581,598,546,583,-15,-169,-4144,4120412,6269078,3008285
901.787,48020,8520,11944,67,11888,24320,12096,1008,526,629,699,625,581,599,546,584,-15,-169,-4144,4120412,6269078,3008285
902.327,48060,8540,11944,67,11888,24340,12096,1008,527,630,700,626,582,600,547,585,-15,-171,-4148,4120412,6269078,3008286
902.867,48060,8540,11944,67,11888,24340,12096,1008,527,630,701,626,583,601,548,585,-15,-171,-4148,4120412,6269078,3008287
903.408,48040,8540,11944,67,11888,24340,12096,1008,528,631,701,626,583,601,548,586,-10,-172,-4145,4120412,6269078,3008287
903.951,48080,8540,11944,67,11888,24340,12096,1008,528,631,703,628,584,602,549,587,-10,-172,-4145,4120412,6269078,3008288
904.49,48060,8540,11944,67,11888,24360,12096,1008,529,632,704,628,585,603,550,588,-24,-166,-4151,4120412,6269078,3008288
905.029,48080,8540,11944,67,11888,24360,12096,1008,529,633,705,629,585,603,551,588,-24,-166,-4151,4120412,6269078,3008289
905.568,48080,8540,11944,67,11888,24360,12096,1008,530,633,706,630,585,605,551,589,-15,-172,-4145,4120412,6269078,3008289
906.108,48100,8540,11944,67,11888,24360,12096,1008,530,633,707,630,586,605,553,590,-15,-172,-4145,4120412,6269078,3008290
906.647,48100,8540,11944,67,11888,24360,12096,1008,531,635,708,631,586,606,553,590,-18,-170,-4147,4120412,6269078,3008290
907.186,48140,8540,11944,67,11888,24400,12096,1008,531,635,709,631,587,606,553,591,-18,-170,-4147,4120412,6269078,3008291
907.725,48160,8540,11944,67,11888,24380,12096,1008,532,636,710,632,588,607,555,591,-20,-172,-4147,4120412,6269078,3008291
908.264,48140,8540,11944,67,11888,24400,12096,1016,533,636,711,633,588,608,555,592,-20,-172,-4147,4120412,6269078,3008292
908.805,48120,8540,11944,68,11888,24420,12096,1016,533,637,712,633,588,608,556,593,-23,-171,-4147,4120412,6269078,3008292
909.343,48140,8540,11944,68,11888,24420,12096,1016,533,638,713,634,589,609,556,594,-23,-171,-4147,4120412,6269078,3008293
909.882,48140,8540,11944,68,11888,24420,12096,1016,533,638,714,635,589,610,557,595,-12,-170,-4142,4120412,6269078,3008294
910.422,48180,8540,11944,68,11888,24400,12096,1016,534,638,715,635,590,610,558,595,-12,-170,-4142,4120412,6269078,3008294
910.962,48180,8540,11944,68,11888,24400,12096,1024,535,639,716,636,590,611,558,596,-16,-166,-4154,4120412,6269078,3008295
911.502,48200,8540,11944,68,11888,24440,12096,1024,535,640,716,636,591,611,559,596,-16,-166,-4154,4120412,6269078,3008295
912.044,48220,8560,11944,68,11888,24440,12096,1024,536,640,718,637,591,612,560,597,-16,-166,-4154,4120412,6269078,3008296
912.584,48220,8560,11944,68,11888,24460,12096,1024,536,641,718,638,591,613,561,598,-5,-159,-4146,4120412,6269078,3008296
913.124,48220,8560,11944,69,11888,24440,12096,1024,536,641,720,638,592,613,561,598,-5,-159,-4146,4120412,6269078,3008297
913.663,48220,8560,11944,68,11888,24440,12096,1032,536,642,720,639,593,613,561,599,-18,-175,-4141,4120412,6269078,3008297
914.203,48220,8560,11944,68,11888,24440,12096,1032,538,643,721,640,593,614,562,600,-18,-175,-4141,4120412,6269078,3008298
914.744,48240,8560,11944,69,11888,24420,12096,1032,538,643,722,640,593,615,563,600,-13,-172,-4147,4120412,6269078,3008298
915.282,48240,8560,11944,69,11888,24440,12096,1032,538,643,723,641,594,615,563,600,-13,-172,-4147,4120412,6269078,3008299
915.824,48220,8560,11944,69,11888,24440,12096,1032,538,644,724,641,594,616,565,601,-22,-170,-4142,4120412,6269078,3008299
916.366,48220,8560,11944,69,11888,24440,12096,1032,538,645,725,641,595,616,565,601,-22,-170,-4142,4120412,6269078,3008300
916.906,48220,8560,11944,69,11888,24420,12096,1040,539,645,725,642,595,616,566,602,-6,-168,-4147,4120412,6269078,3008301
917.446,48220,8560,11944,69,11888,24440,12096,1040,539,645,726,643,595,616,566,603,-6,-168,-4147,4120412,6269078,3008301
917.985,48220,8560,11944,69,11888,24460,12096,1040,540,646,727,643,596,617,567,603,-9,-163,-4145,4120412,6269078,3008302
918.523,48240,8560,11944,69,11888,24460,12096,1040,540,646,728,643,596,618,568,603,-9,-163,-4145,4120412,6269078,3008302
