epoch,iso,elapsed,mv1,mv2,mv3,mv4,mv5,mv6,ma1,ma2,ma3,ma4,ma5,ma6,ma_sum,ma_max,ma_min,ma_spread,mv_min,gpu_w,gpu_c,gpu_util,sm_mhz,mem_mhz,mem_c,read_error
1786737566.157,2026-08-14T21:59:26,0.000,12168,12160,12168,12160,12160,12168,440,460,460,420,500,460,2740,500,420,80,12160,,,,,,,
1786737566.655,2026-08-14T21:59:26,0.500,12168,12160,12168,12168,12160,12168,420,440,440,420,480,440,2640,480,420,60,12160,19.27,43,0,367,405,N/A,
1786737567.157,2026-08-14T21:59:27,1.000,12168,12160,12168,12160,12160,12168,420,440,440,400,480,440,2620,480,400,80,12160,20.59,44,0,510,405,N/A,
1786737567.657,2026-08-14T21:59:27,1.500,12168,12160,12168,12160,12160,12168,420,440,440,400,460,440,2600,460,400,60,12160,22.08,44,6,345,405,N/A,
1786737568.157,2026-08-14T21:59:28,2.000,12168,12160,12168,12160,12160,12168,420,440,420,400,460,440,2580,460,400,60,12160,20.76,44,3,367,405,N/A,
1786737568.657,2026-08-14T21:59:28,2.500,12168,12160,12168,12160,12160,12168,420,440,440,400,460,440,2600,460,400,60,12160,20.52,44,3,397,405,N/A,
1786737569.157,2026-08-14T21:59:29,3.000,12168,12160,12168,12168,12160,12168,420,440,420,400,460,440,2580,460,400,60,12160,21.27,44,0,442,405,N/A,
1786737569.655,2026-08-14T21:59:29,3.501,12168,12160,12168,12160,12160,12168,420,440,440,420,460,460,2640,460,420,40,12160,22.12,44,3,525,405,N/A,
1786737570.157,2026-08-14T21:59:30,4.001,12168,12160,12168,12160,12160,12168,420,440,460,440,500,480,2740,500,420,80,12160,22.90,44,4,562,405,N/A,
1786737570.658,2026-08-14T21:59:30,4.501,12168,12160,12168,12160,12160,12168,440,460,460,440,500,480,2780,500,440,60,12160,25.63,44,7,450,405,N/A,
1786737571.158,2026-08-14T21:59:31,5.001,12168,12160,12168,12160,12160,12168,460,460,460,440,500,480,2800,500,440,60,12160,27.97,44,4,517,405,N/A,
1786737571.658,2026-08-14T21:59:31,5.501,12168,12160,12168,12160,12160,12168,460,480,460,440,520,480,2840,520,440,80,12160,26.73,44,4,510,405,N/A,
1786737572.155,2026-08-14T21:59:32,6.001,12168,12160,12168,12160,12160,12168,460,480,460,440,520,480,2840,520,440,80,12160,26.58,44,4,435,405,N/A,
1786737572.657,2026-08-14T21:59:32,6.501,12168,12160,12168,12160,12160,12168,460,460,460,440,520,480,2820,520,440,80,12160,25.42,44,3,367,405,N/A,
1786737573.156,2026-08-14T21:59:33,7.001,12168,12160,12168,12160,12160,12168,460,460,460,440,520,480,2820,520,440,80,12160,24.04,44,6,322,405,N/A,
1786737573.657,2026-08-14T21:59:33,7.501,12168,12160,12168,12160,12160,12168,460,460,460,440,500,460,2780,500,440,60,12160,24.96,44,4,360,405,N/A,
1786737574.156,2026-08-14T21:59:34,8.001,12168,12160,12168,12160,12160,12168,460,460,460,440,500,480,2800,500,440,60,12160,23.62,44,7,360,405,N/A,
1786737574.656,2026-08-14T21:59:34,8.501,12168,12160,12168,12160,12160,12168,440,460,460,440,500,480,2780,500,440,60,12160,24.78,44,4,412,405,N/A,
1786737575.158,2026-08-14T21:59:35,9.001,12168,12160,12168,12160,12160,12168,440,460,460,440,500,480,2780,500,440,60,12160,24.43,44,0,427,405,N/A,
1786737575.658,2026-08-14T21:59:35,9.501,12168,12160,12168,12160,12160,12168,440,460,460,440,500,480,2780,500,440,60,12160,23.02,44,6,412,405,N/A,
1786737576.158,2026-08-14T21:59:36,10.001,12168,12160,12168,12160,12160,12168,440,460,460,420,500,480,2760,500,420,80,12160,22.68,44,4,457,405,N/A,
1786737576.659,2026-08-14T21:59:36,10.502,12168,12160,12168,12160,12160,12168,440,460,460,440,500,480,2780,500,440,60,12160,23.31,44,4,390,405,N/A,
1786737577.159,2026-08-14T21:59:37,11.002,12168,12160,12168,12160,12160,12168,460,480,480,460,520,500,2900,520,460,60,12160,26.10,44,7,420,405,N/A,
1786737577.656,2026-08-14T21:59:37,11.502,12168,12160,12168,12160,12160,12168,460,480,480,460,520,480,2880,520,460,60,12160,28.68,44,4,510,405,N/A,
1786737578.159,2026-08-14T21:59:38,12.002,12168,12160,12168,12160,12160,12168,480,480,480,460,540,500,2940,540,460,80,12160,28.02,44,5,457,405,N/A,
1786737578.656,2026-08-14T21:59:38,12.502,12168,12160,12168,12160,12160,12168,480,480,500,460,540,500,2960,540,460,80,12160,28.23,44,3,465,405,N/A,
1786737579.159,2026-08-14T21:59:39,13.002,12168,12160,12168,12160,12160,12168,480,500,500,480,540,500,3000,540,480,60,12160,29.53,44,7,450,405,N/A,
1786737579.659,2026-08-14T21:59:39,13.502,12168,12160,12168,12160,12160,12168,480,480,480,480,520,500,2940,520,480,40,12160,28.19,44,7,450,405,N/A,
1786737580.160,2026-08-14T21:59:40,14.002,12168,12160,12168,12160,12160,12168,480,480,480,480,520,500,2940,520,480,40,12160,25.46,44,3,352,405,N/A,
1786737580.661,2026-08-14T21:59:40,14.502,12168,12160,12168,12160,12160,12168,480,500,500,480,540,500,3000,540,480,60,12160,26.45,44,6,502,405,N/A,
1786737581.159,2026-08-14T21:59:41,15.002,12168,12160,12168,12160,12160,12168,480,500,500,480,540,500,3000,540,480,60,12160,27.25,44,0,412,405,N/A,
1786737581.661,2026-08-14T21:59:41,15.502,12168,12160,12168,12160,12160,12168,480,480,500,460,540,500,2960,540,460,80,12160,27.24,44,3,457,405,N/A,
1786737582.158,2026-08-14T21:59:42,16.002,12168,12160,12168,12160,12160,12168,480,480,480,460,540,480,2920,540,460,80,12160,25.68,44,7,322,405,N/A,
1786737582.659,2026-08-14T21:59:42,16.502,12168,12160,12168,12160,12160,12168,460,480,480,460,520,480,2880,520,460,60,12160,23.10,44,3,390,405,N/A,
1786737583.157,2026-08-14T21:59:43,17.002,12168,12160,12168,12160,12160,12168,460,480,480,460,540,480,2900,540,460,80,12160,24.63,44,4,405,405,N/A,
1786737583.659,2026-08-14T21:59:43,17.502,12168,12160,12168,12160,12160,12168,460,460,480,440,520,480,2840,520,440,80,12160,26.04,44,3,547,405,N/A,
1786737584.154,2026-08-14T21:59:44,18.003,12144,12136,12144,12136,12136,12136,1280,1320,1360,1280,1420,1300,7960,1420,1280,140,12136,24.41,44,8,367,405,N/A,
1786737584.654,2026-08-14T21:59:44,18.503,12096,12088,12096,12088,12088,12096,2800,2860,3000,2840,3120,2900,17520,3120,2800,320,12088,150.04,63,100,1350,13801,N/A,
1786737585.154,2026-08-14T21:59:45,19.003,12096,12088,12096,12088,12088,12096,2800,2860,3000,2840,3120,2900,17520,3120,2800,320,12088,405.24,63,100,2850,13801,N/A,
1786737585.654,2026-08-14T21:59:45,19.503,12064,12056,12064,12056,12056,12064,3920,4000,4220,4000,4360,4060,24560,4360,3920,440,12056,581.25,63,100,2850,13801,N/A,
1786737586.154,2026-08-14T21:59:46,20.003,12040,12032,12040,12032,12032,12032,4800,4880,5160,4920,5340,4980,30080,5340,4800,540,12032,577.95,64,100,2850,13801,N/A,
1786737586.654,2026-08-14T21:59:46,20.503,12024,12016,12016,12016,12008,12016,5460,5560,5880,5620,6080,5680,34280,6080,5460,620,12008,576.78,64,100,2850,13801,N/A,
1786737587.154,2026-08-14T21:59:47,21.003,12008,12000,12008,12000,11992,12000,5980,6100,6440,6140,6640,6220,37520,6640,5980,660,11992,576.05,64,100,2850,13801,N/A,
1786737587.654,2026-08-14T21:59:47,21.503,12000,11984,11992,11984,11984,11984,6360,6480,6860,6560,7080,6620,39960,7080,6360,720,11984,576.58,64,100,2850,13801,N/A,
1786737588.155,2026-08-14T21:59:48,22.003,11984,11976,11984,11976,11976,11976,6660,6800,7180,6880,7420,6940,41880,7420,6660,760,11976,576.77,65,100,2850,13801,N/A,
1786737588.654,2026-08-14T21:59:48,22.503,11984,11968,11976,11968,11968,11968,6880,7020,7440,7100,7680,7180,43300,7680,6880,800,11968,576.69,65,100,2850,13801,N/A,
1786737589.155,2026-08-14T21:59:49,23.003,11976,11968,11976,11968,11968,11968,6980,7140,7540,7200,7800,7280,43940,7800,6980,820,11968,575.07,65,100,2850,13801,N/A,
1786737589.655,2026-08-14T21:59:49,23.503,11976,11968,11968,11968,11960,11968,7040,7200,7620,7280,7860,7360,44360,7860,7040,820,11960,562.75,65,100,2850,13801,N/A,
1786737590.155,2026-08-14T21:59:50,24.003,11976,11968,11968,11968,11960,11968,7040,7200,7620,7280,7860,7360,44360,7860,7040,820,11960,547.76,65,100,2857,13801,N/A,
1786737590.655,2026-08-14T21:59:50,24.503,11976,11960,11968,11960,11960,11968,7100,7240,7680,7340,7920,7420,44700,7920,7100,820,11960,547.19,65,100,2850,13801,N/A,
1786737591.155,2026-08-14T21:59:51,25.004,11976,11960,11968,11960,11960,11960,7120,7300,7720,7380,7960,7440,44920,7960,7120,840,11960,546.47,65,100,2850,13801,N/A,
1786737591.655,2026-08-14T21:59:51,25.504,11968,11960,11968,11960,11960,11960,7160,7340,7760,7420,8000,7480,45160,8000,7160,840,11960,546.35,65,100,2850,13801,N/A,
1786737592.155,2026-08-14T21:59:52,26.004,11968,11960,11968,11960,11960,11960,7180,7360,7780,7440,8040,7500,45300,8040,7180,860,11960,547.21,66,100,2850,13801,N/A,
1786737592.655,2026-08-14T21:59:52,26.504,11968,11960,11968,11960,11960,11960,7200,7380,7800,7460,8060,7520,45420,8060,7200,860,11960,546.90,66,100,2857,13801,N/A,
1786737593.155,2026-08-14T21:59:53,27.004,11968,11960,11968,11960,11952,11960,7220,7400,7820,7480,8080,7560,45560,8080,7220,860,11952,547.01,66,100,2857,13801,N/A,
1786737593.655,2026-08-14T21:59:53,27.504,11968,11960,11968,11960,11952,11960,7240,7420,7840,7480,8100,7580,45660,8100,7240,860,11952,547.45,66,100,2857,13801,N/A,
1786737594.156,2026-08-14T21:59:54,28.004,11968,11960,11968,11960,11952,11960,7260,7420,7860,7500,8120,7580,45740,8120,7260,860,11952,547.57,66,100,2857,13801,N/A,
1786737594.655,2026-08-14T21:59:54,28.504,11968,11960,11960,11960,11952,11960,7260,7420,7860,7480,8100,7560,45680,8100,7260,840,11952,547.18,66,100,2857,13801,N/A,
1786737595.155,2026-08-14T21:59:55,29.004,11968,11960,11960,11960,11952,11960,7240,7400,7840,7480,8100,7560,45620,8100,7240,860,11952,542.64,66,100,2857,13801,N/A,
1786737595.655,2026-08-14T21:59:55,29.504,11968,11960,11960,11960,11952,11960,7260,7420,7860,7500,8120,7580,45740,8120,7260,860,11952,543.06,67,100,2857,13801,N/A,
1786737596.156,2026-08-14T21:59:56,30.004,11968,11960,11960,11960,11952,11960,7280,7440,7860,7520,8140,7600,45840,8140,7280,860,11952,548.09,67,100,2850,13801,N/A,
1786737596.656,2026-08-14T21:59:56,30.504,11968,11960,11960,11960,11952,11960,7280,7440,7880,7520,8140,7620,45880,8140,7280,860,11952,548.05,67,100,2857,13801,N/A,
1786737597.156,2026-08-14T21:59:57,31.004,11968,11952,11960,11952,11952,11960,7300,7460,7880,7540,8160,7620,45960,8160,7300,860,11952,548.15,67,100,2857,13801,N/A,
1786737597.656,2026-08-14T21:59:57,31.505,11968,11952,11960,11952,11952,11960,7300,7460,7900,7560,8160,7620,46000,8160,7300,860,11952,547.53,67,100,2857,13801,N/A,
1786737598.156,2026-08-14T21:59:58,32.005,11968,11952,11960,11952,11952,11960,7300,7480,7920,7560,8160,7620,46040,8160,7300,860,11952,547.89,67,100,2857,13801,N/A,
1786737598.656,2026-08-14T21:59:58,32.505,11968,11952,11960,11952,11952,11960,7320,7480,7920,7560,8180,7640,46100,8180,7320,860,11952,547.60,67,100,2857,13801,N/A,
1786737599.156,2026-08-14T21:59:59,33.005,11968,11952,11960,11952,11952,11960,7320,7480,7920,7560,8180,7660,46120,8180,7320,860,11952,547.83,68,100,2857,13801,N/A,
1786737599.656,2026-08-14T21:59:59,33.505,11968,11952,11960,11952,11952,11960,7320,7480,7920,7560,8180,7660,46120,8180,7320,860,11952,548.31,68,100,2850,13801,N/A,
1786737600.156,2026-08-14T22:00:00,34.005,11968,11952,11960,11952,11952,11960,7320,7500,7940,7580,8200,7660,46200,8200,7320,880,11952,548.00,68,100,2857,13801,N/A,
1786737600.656,2026-08-14T22:00:00,34.505,11968,11952,11960,11952,11952,11960,7340,7500,7940,7580,8200,7660,46220,8200,7340,860,11952,548.18,68,100,2857,13801,N/A,
1786737601.156,2026-08-14T22:00:01,35.005,11968,11952,11960,11952,11952,11960,7340,7500,7940,7580,8200,7680,46240,8200,7340,860,11952,548.03,68,100,2857,13801,N/A,
1786737601.656,2026-08-14T22:00:01,35.505,11968,11952,11960,11952,11952,11960,7340,7500,7940,7600,8200,7680,46260,8200,7340,860,11952,548.56,68,100,2850,13801,N/A,
1786737602.157,2026-08-14T22:00:02,36.005,11968,11952,11960,11952,11952,11960,7340,7520,7960,7600,8220,7700,46340,8220,7340,880,11952,548.65,68,100,2850,13801,N/A,
1786737602.657,2026-08-14T22:00:02,36.505,11968,11952,11960,11952,11952,11960,7360,7520,7960,7600,8220,7700,46360,8220,7360,860,11952,548.83,69,100,2850,13801,N/A,
1786737603.157,2026-08-14T22:00:03,37.005,11968,11952,11960,11952,11952,11952,7360,7520,7960,7600,8220,7700,46360,8220,7360,860,11952,549.06,69,100,2857,13801,N/A,
1786737603.657,2026-08-14T22:00:03,37.505,11968,11952,11960,11952,11952,11952,7360,7520,7960,7620,8240,7700,46400,8240,7360,880,11952,548.93,69,100,2857,13801,N/A,
1786737604.157,2026-08-14T22:00:04,38.005,11968,11952,11960,11952,11952,11952,7360,7520,7980,7620,8240,7700,46420,8240,7360,880,11952,548.95,69,100,2857,13801,N/A,
1786737604.657,2026-08-14T22:00:04,38.505,11968,11952,11960,11952,11952,11952,7360,7520,7980,7620,8240,7700,46420,8240,7360,880,11952,548.89,69,100,2857,13801,N/A,
1786737605.157,2026-08-14T22:00:05,39.006,11968,11952,11960,11952,11952,11952,7360,7540,7980,7620,8240,7700,46440,8240,7360,880,11952,549.07,69,100,2857,13801,N/A,
1786737605.657,2026-08-14T22:00:05,39.506,11968,11952,11960,11952,11952,11952,7380,7540,7980,7620,8240,7720,46480,8240,7380,860,11952,549.32,69,100,2857,13801,N/A,
1786737606.157,2026-08-14T22:00:06,40.006,11968,11952,11960,11952,11952,11952,7380,7540,7980,7640,8240,7720,46500,8240,7380,860,11952,549.49,69,100,2857,13801,N/A,
1786737606.657,2026-08-14T22:00:06,40.506,11968,11952,11960,11952,11952,11952,7380,7560,8000,7640,8260,7720,46560,8260,7380,880,11952,549.86,69,100,2850,13801,N/A,
1786737607.157,2026-08-14T22:00:07,41.006,11968,11952,11960,11952,11952,11952,7380,7540,8000,7640,8260,7720,46540,8260,7380,880,11952,550.21,70,100,2850,13801,N/A,
1786737607.657,2026-08-14T22:00:07,41.506,11968,11952,11960,11952,11952,11952,7400,7560,8000,7660,8260,7720,46600,8260,7400,860,11952,550.03,69,100,2857,13801,N/A,
1786737608.158,2026-08-14T22:00:08,42.006,11968,11952,11960,11952,11952,11952,7400,7580,8000,7660,8260,7720,46620,8260,7400,860,11952,550.20,70,100,2857,13801,N/A,
1786737608.657,2026-08-14T22:00:08,42.506,11968,11952,11960,11952,11952,11952,7380,7560,8020,7660,8260,7740,46620,8260,7380,880,11952,550.27,70,100,2857,13801,N/A,
1786737609.157,2026-08-14T22:00:09,43.006,11968,11952,11960,11952,11952,11952,7400,7580,8020,7660,8280,7740,46680,8280,7400,880,11952,549.99,70,100,2857,13801,N/A,
1786737609.658,2026-08-14T22:00:09,43.506,11968,11952,11960,11952,11952,11952,7400,7580,8020,7660,8280,7740,46680,8280,7400,880,11952,550.66,70,100,2857,13801,N/A,
1786737610.158,2026-08-14T22:00:10,44.006,11968,11952,11960,11952,11952,11952,7400,7580,8020,7660,8280,7740,46680,8280,7400,880,11952,551.22,70,100,2857,13801,N/A,
1786737610.658,2026-08-14T22:00:10,44.506,11968,11952,11960,11952,11952,11952,7400,7580,8040,7680,8280,7740,46720,8280,7400,880,11952,551.01,70,100,2857,13801,N/A,
1786737611.158,2026-08-14T22:00:11,45.006,11968,11952,11960,11952,11952,11952,7400,7580,8040,7680,8280,7740,46720,8280,7400,880,11952,551.30,70,100,2857,13801,N/A,
1786737611.658,2026-08-14T22:00:11,45.506,11968,11952,11960,11952,11952,11952,7400,7600,8040,7680,8280,7760,46760,8280,7400,880,11952,551.64,71,100,2857,13801,N/A,
1786737612.158,2026-08-14T22:00:12,46.007,11968,11952,11960,11952,11952,11952,7400,7600,8040,7680,8300,7760,46780,8300,7400,900,11952,551.88,71,100,2857,13801,N/A,
1786737612.658,2026-08-14T22:00:12,46.507,11968,11952,11960,11952,11952,11952,7420,7600,8040,7680,8300,7760,46800,8300,7420,880,11952,552.63,71,100,2857,13801,N/A,
1786737613.158,2026-08-14T22:00:13,47.007,11968,11952,11960,11952,11952,11952,7420,7600,8040,7700,8300,7760,46820,8300,7420,880,11952,552.96,70,100,2857,13801,N/A,
1786737613.658,2026-08-14T22:00:13,47.507,11968,11952,11960,11952,11952,11952,7420,7600,8060,7700,8320,7760,46860,8320,7420,900,11952,553.10,71,100,2857,13801,N/A,
1786737614.158,2026-08-14T22:00:14,48.007,11968,11952,11960,11952,11952,11952,7420,7600,8060,7700,8320,7780,46880,8320,7420,900,11952,553.16,71,100,2857,13801,N/A,
1786737614.658,2026-08-14T22:00:14,48.507,11968,11952,11960,11952,11952,11952,7420,7600,8060,7700,8320,7780,46880,8320,7420,900,11952,552.96,71,100,2857,13801,N/A,
1786737615.158,2026-08-14T22:00:15,49.007,11968,11952,11960,11952,11952,11952,7420,7600,8060,7700,8320,7780,46880,8320,7420,900,11952,553.38,71,100,2857,13801,N/A,
1786737615.659,2026-08-14T22:00:15,49.507,11968,11952,11960,11952,11952,11952,7420,7620,8060,7700,8320,7780,46900,8320,7420,900,11952,553.98,71,100,2857,13801,N/A,
1786737616.158,2026-08-14T22:00:16,50.007,11968,11952,11960,11952,11952,11952,7440,7620,8060,7700,8320,7780,46920,8320,7440,880,11952,554.42,71,100,2857,13801,N/A,
1786737616.659,2026-08-14T22:00:16,50.507,11968,11952,11960,11952,11952,11952,7440,7620,8060,7720,8320,7780,46940,8320,7440,880,11952,555.30,71,100,2857,13801,N/A,
1786737617.159,2026-08-14T22:00:17,51.007,11968,11952,11960,11952,11952,11952,7440,7620,8060,7700,8340,7800,46960,8340,7440,900,11952,556.15,72,100,2857,13801,N/A,
1786737617.659,2026-08-14T22:00:17,51.507,11960,11952,11960,11952,11952,11952,7440,7620,8060,7700,8340,7800,46960,8340,7440,900,11952,556.32,72,100,2850,13801,N/A,
1786737618.159,2026-08-14T22:00:18,52.007,11968,11952,11960,11952,11952,11952,7440,7640,8060,7700,8340,7800,46980,8340,7440,900,11952,555.24,72,100,2842,13801,N/A,
1786737618.659,2026-08-14T22:00:18,52.507,11968,11952,11960,11952,11952,11952,7440,7640,8080,7720,8340,7800,47020,8340,7440,900,11952,555.25,72,100,2842,13801,N/A,
1786737619.159,2026-08-14T22:00:19,53.007,11968,11952,11960,11952,11952,11952,7440,7640,8080,7720,8340,7800,47020,8340,7440,900,11952,556.03,72,100,2842,13801,N/A,
1786737619.659,2026-08-14T22:00:19,53.508,11968,11952,11960,11952,11952,11952,7440,7640,8080,7720,8340,7800,47020,8340,7440,900,11952,556.03,72,100,2842,13801,N/A,
1786737620.159,2026-08-14T22:00:20,54.008,11960,11952,11960,11952,11952,11952,7460,7640,8080,7720,8340,7800,47040,8340,7460,880,11952,555.55,72,100,2842,13801,N/A,
1786737620.659,2026-08-14T22:00:20,54.508,11960,11952,11960,11952,11952,11952,7460,7640,8060,7720,8340,7800,47020,8340,7460,880,11952,555.80,72,100,2842,13801,N/A,
1786737621.159,2026-08-14T22:00:21,55.008,11960,11952,11960,11952,11952,11952,7460,7640,8060,7720,8340,7800,47020,8340,7460,880,11952,556.63,72,100,2842,13801,N/A,
1786737621.659,2026-08-14T22:00:21,55.508,11960,11952,11960,11952,11952,11952,7460,7640,8080,7720,8340,7820,47060,8340,7460,880,11952,556.56,72,100,2850,13801,N/A,
1786737622.159,2026-08-14T22:00:22,56.008,11960,11952,11960,11952,11952,11952,7460,7640,8080,7720,8340,7800,47040,8340,7460,880,11952,557.32,72,100,2842,13801,N/A,
1786737622.659,2026-08-14T22:00:22,56.508,11960,11952,11960,11952,11952,11952,7460,7660,8080,7720,8360,7820,47100,8360,7460,900,11952,557.40,72,100,2842,13801,N/A,
1786737623.159,2026-08-14T22:00:23,57.008,11960,11952,11960,11952,11952,11952,7460,7660,8100,7740,8360,7820,47140,8360,7460,900,11952,557.96,73,100,2842,13801,N/A,
1786737623.660,2026-08-14T22:00:23,57.508,11960,11952,11960,11952,11944,11952,7480,7660,8080,7740,8360,7820,47140,8360,7480,880,11944,558.38,73,100,2850,13801,N/A,
1786737624.160,2026-08-14T22:00:24,58.008,11960,11952,11960,11952,11944,11952,7480,7660,8080,7740,8360,7820,47140,8360,7480,880,11944,558.62,73,100,2850,13801,N/A,
1786737624.660,2026-08-14T22:00:24,58.508,11960,11952,11960,11952,11952,11952,7480,7660,8100,7740,8360,7820,47160,8360,7480,880,11952,559.17,73,100,2850,13801,N/A,
1786737625.160,2026-08-14T22:00:25,59.008,11960,11952,11960,11952,11952,11952,7480,7660,8100,7740,8380,7820,47180,8380,7480,900,11952,559.92,73,100,2842,13801,N/A,
1786737625.660,2026-08-14T22:00:25,59.508,11960,11952,11960,11952,11952,11952,7480,7660,8100,7740,8380,7840,47200,8380,7480,900,11952,559.55,73,100,2850,13801,N/A,
1786737626.160,2026-08-14T22:00:26,60.008,11960,11952,11960,11952,11952,11952,7480,7680,8100,7740,8380,7840,47220,8380,7480,900,11952,559.25,73,100,2850,13801,N/A,
1786737626.660,2026-08-14T22:00:26,60.509,11960,11952,11960,11952,11944,11952,7480,7680,8120,7740,8380,7840,47240,8380,7480,900,11944,559.77,73,100,2842,13801,N/A,
1786737627.160,2026-08-14T22:00:27,61.009,11960,11952,11960,11952,11944,11952,7480,7680,8120,7740,8380,7840,47240,8380,7480,900,11944,560.12,73,100,2850,13801,N/A,
1786737627.660,2026-08-14T22:00:27,61.509,11960,11952,11960,11952,11944,11952,7500,7680,8120,7760,8380,7860,47300,8380,7500,880,11944,560.76,73,100,2842,13801,N/A,
1786737628.160,2026-08-14T22:00:28,62.009,11960,11952,11960,11952,11944,11952,7480,7680,8120,7760,8400,7860,47300,8400,7480,920,11944,561.47,73,100,2850,13801,N/A,
1786737628.660,2026-08-14T22:00:28,62.509,11960,11952,11960,11952,11944,11952,7500,7680,8120,7760,8400,7860,47320,8400,7500,900,11944,561.84,73,100,2842,13801,N/A,
1786737629.160,2026-08-14T22:00:29,63.009,11960,11952,11960,11952,11944,11952,7500,7680,8120,7760,8400,7860,47320,8400,7500,900,11944,561.98,73,100,2850,13801,N/A,
1786737629.660,2026-08-14T22:00:29,63.509,11960,11952,11960,11952,11944,11952,7500,7680,8120,7760,8380,7860,47300,8380,7500,880,11944,561.77,74,100,2850,13801,N/A,
1786737630.160,2026-08-14T22:00:30,64.009,11960,11952,11960,11952,11952,11952,7500,7680,8120,7780,8400,7860,47340,8400,7500,900,11952,561.45,73,100,2842,13801,N/A,
1786737630.661,2026-08-14T22:00:30,64.509,11960,11952,11960,11952,11952,11952,7520,7680,8140,7780,8400,7860,47380,8400,7520,880,11952,562.36,74,100,2842,13801,N/A,
1786737631.161,2026-08-14T22:00:31,65.009,11960,11952,11960,11952,11952,11952,7520,7680,8140,7780,8400,7860,47380,8400,7520,880,11952,563.11,74,100,2842,13801,N/A,
1786737631.661,2026-08-14T22:00:31,65.509,11960,11952,11960,11952,11952,11952,7520,7700,8140,7780,8420,7860,47420,8420,7520,900,11952,563.04,74,100,2842,13801,N/A,
1786737632.161,2026-08-14T22:00:32,66.009,11960,11952,11960,11952,11944,11952,7520,7700,8140,7780,8420,7860,47420,8420,7520,900,11944,564.09,74,100,2842,13801,N/A,
1786737632.661,2026-08-14T22:00:32,66.509,11968,11952,11960,11952,11952,11952,7520,7700,8160,7800,8420,7880,47480,8420,7520,900,11952,564.49,74,100,2842,13801,N/A,
1786737633.161,2026-08-14T22:00:33,67.009,11960,11952,11960,11952,11952,11952,7520,7700,8160,7780,8420,7880,47460,8420,7520,900,11952,564.16,73,100,2842,13801,N/A,
1786737633.661,2026-08-14T22:00:33,67.510,11960,11952,11960,11952,11952,11952,7520,7700,8160,7800,8420,7880,47480,8420,7520,900,11952,563.86,74,100,2842,13801,N/A,
1786737634.161,2026-08-14T22:00:34,68.010,11960,11952,11960,11952,11952,11952,7520,7700,8160,7800,8420,7880,47480,8420,7520,900,11952,564.07,74,100,2842,13801,N/A,
1786737634.661,2026-08-14T22:00:34,68.510,11960,11952,11960,11952,11952,11952,7540,7700,8160,7800,8440,7880,47520,8440,7540,900,11952,564.21,74,100,2842,13801,N/A,
1786737635.161,2026-08-14T22:00:35,69.010,11960,11952,11960,11952,11944,11952,7540,7700,8160,7800,8440,7880,47520,8440,7540,900,11944,564.60,74,100,2842,13801,N/A,
1786737635.661,2026-08-14T22:00:35,69.510,11960,11952,11960,11952,11944,11952,7540,7700,8160,7800,8440,7880,47520,8440,7540,900,11944,564.74,74,100,2850,13801,N/A,
1786737636.161,2026-08-14T22:00:36,70.010,11960,11952,11960,11952,11944,11952,7540,7700,8160,7800,8440,7880,47520,8440,7540,900,11944,564.94,74,100,2842,13801,N/A,
1786737636.661,2026-08-14T22:00:36,70.510,11960,11952,11960,11952,11944,11952,7540,7720,8160,7800,8440,7900,47560,8440,7540,900,11944,565.04,74,100,2842,13801,N/A,
1786737637.161,2026-08-14T22:00:37,71.010,11960,11952,11960,11952,11944,11952,7540,7720,8160,7800,8440,7900,47560,8440,7540,900,11944,565.39,74,100,2850,13801,N/A,
1786737637.662,2026-08-14T22:00:37,71.510,11960,11952,11960,11952,11944,11952,7540,7720,8160,7820,8440,7900,47580,8440,7540,900,11944,565.10,74,100,2842,13801,N/A,
1786737638.162,2026-08-14T22:00:38,72.010,11960,11952,11960,11952,11944,11952,7560,7720,8180,7820,8440,7900,47620,8440,7560,880,11944,565.68,75,100,2842,13801,N/A,
1786737638.662,2026-08-14T22:00:38,72.510,11960,11952,11960,11952,11944,11952,7540,7720,8180,7820,8460,7900,47620,8460,7540,920,11944,566.36,74,100,2850,13801,N/A,
1786737639.162,2026-08-14T22:00:39,73.010,11960,11952,11960,11952,11944,11952,7540,7720,8180,7820,8460,7900,47620,8460,7540,920,11944,566.38,75,100,2850,13801,N/A,
1786737639.662,2026-08-14T22:00:39,73.510,11960,11952,11960,11952,11944,11952,7560,7720,8180,7820,8460,7900,47640,8460,7560,900,11944,566.39,75,100,2842,13801,N/A,
1786737640.162,2026-08-14T22:00:40,74.010,11960,11952,11960,11952,11944,11952,7560,7720,8180,7820,8460,7900,47640,8460,7560,900,11944,566.31,75,100,2842,13801,N/A,
1786737640.662,2026-08-14T22:00:40,74.511,11960,11952,11960,11952,11944,11952,7560,7740,8180,7820,8460,7900,47660,8460,7560,900,11944,566.43,75,100,2842,13801,N/A,
1786737641.162,2026-08-14T22:00:41,75.011,11960,11952,11960,11952,11944,11952,7560,7740,8180,7820,8460,7900,47660,8460,7560,900,11944,566.46,75,100,2850,13801,N/A,
1786737641.662,2026-08-14T22:00:41,75.511,11960,11952,11960,11952,11944,11952,7560,7740,8180,7840,8460,7900,47680,8460,7560,900,11944,566.39,75,100,2842,13801,N/A,
1786737642.162,2026-08-14T22:00:42,76.011,11960,11952,11960,11952,11944,11952,7560,7740,8200,7820,8460,7920,47700,8460,7560,900,11944,566.88,74,100,2850,13801,N/A,
1786737642.662,2026-08-14T22:00:42,76.511,11960,11952,11960,11952,11944,11952,7560,7740,8200,7820,8480,7920,47720,8480,7560,920,11944,567.17,75,100,2850,13801,N/A,
1786737643.162,2026-08-14T22:00:43,77.011,11960,11952,11960,11952,11944,11952,7560,7740,8200,7820,8480,7920,47720,8480,7560,920,11944,567.15,75,100,2842,13801,N/A,
1786737643.662,2026-08-14T22:00:43,77.511,11960,11952,11960,11952,11944,11952,7560,7740,8200,7840,8480,7920,47740,8480,7560,920,11944,566.92,75,100,2842,13801,N/A,
1786737644.162,2026-08-14T22:00:44,78.011,11960,11952,11960,11952,11944,11952,7580,7740,8200,7840,8480,7920,47760,8480,7580,900,11944,566.82,75,100,2842,13801,N/A,
1786737644.662,2026-08-14T22:00:44,78.511,11960,11952,11960,11944,11944,11952,7580,7740,8200,7840,8480,7920,47760,8480,7580,900,11944,567.06,75,100,2842,13801,N/A,
1786737645.163,2026-08-14T22:00:45,79.011,11960,11952,11960,11944,11944,11952,7580,7760,8200,7840,8480,7920,47780,8480,7580,900,11944,567.14,75,100,2842,13801,N/A,
1786737645.662,2026-08-14T22:00:45,79.511,11960,11952,11960,11944,11944,11952,7580,7740,8220,7840,8480,7920,47780,8480,7580,900,11944,567.13,75,100,2842,13801,N/A,
1786737646.163,2026-08-14T22:00:46,80.011,11960,11952,11960,11952,11944,11952,7580,7760,8220,7840,8480,7920,47800,8480,7580,900,11944,567.31,75,100,2842,13801,N/A,
1786737646.663,2026-08-14T22:00:46,80.511,11960,11952,11960,11952,11944,11952,7580,7760,8220,7840,8480,7940,47820,8480,7580,900,11944,567.22,75,100,2842,13801,N/A,
1786737647.163,2026-08-14T22:00:47,81.011,11960,11952,11960,11944,11944,11952,7580,7760,8220,7840,8480,7940,47820,8480,7580,900,11944,568.00,75,100,2842,13801,N/A,
1786737647.663,2026-08-14T22:00:47,81.511,11960,11952,11960,11952,11944,11952,7580,7760,8220,7840,8500,7940,47840,8500,7580,920,11944,568.14,75,100,2842,13801,N/A,
1786737648.163,2026-08-14T22:00:48,82.012,11960,11952,11960,11952,11944,11952,7580,7760,8220,7840,8500,7940,47840,8500,7580,920,11944,567.89,75,100,2842,13801,N/A,
1786737648.663,2026-08-14T22:00:48,82.512,11960,11952,11960,11952,11944,11952,7580,7760,8220,7840,8500,7940,47840,8500,7580,920,11944,568.13,75,100,2842,13801,N/A,
1786737649.163,2026-08-14T22:00:49,83.012,11960,11952,11960,11952,11944,11952,7580,7760,8220,7860,8500,7940,47860,8500,7580,920,11944,568.92,76,100,2842,13801,N/A,
1786737649.663,2026-08-14T22:00:49,83.512,11960,11952,11960,11952,11944,11952,7580,7780,8220,7840,8500,7940,47860,8500,7580,920,11944,568.37,75,100,2842,13801,N/A,
1786737650.163,2026-08-14T22:00:50,84.012,11960,11952,11960,11952,11944,11952,7580,7780,8220,7860,8500,7940,47880,8500,7580,920,11944,568.20,76,100,2842,13801,N/A,
1786737650.663,2026-08-14T22:00:50,84.512,11960,11952,11960,11952,11944,11952,7580,7780,8220,7860,8500,7940,47880,8500,7580,920,11944,568.70,76,100,2842,13801,N/A,
1786737651.163,2026-08-14T22:00:51,85.012,11960,11952,11960,11952,11944,11952,7580,7780,8220,7860,8500,7940,47880,8500,7580,920,11944,568.99,76,100,2842,13801,N/A,
1786737651.663,2026-08-14T22:00:51,85.512,11960,11952,11960,11952,11944,11952,7600,7780,8220,7860,8520,7940,47920,8520,7600,920,11944,569.03,76,100,2842,13801,N/A,
1786737652.163,2026-08-14T22:00:52,86.012,11960,11952,11960,11944,11944,11952,7580,7780,8220,7860,8500,7960,47900,8500,7580,920,11944,569.14,76,100,2842,13801,N/A,
1786737652.664,2026-08-14T22:00:52,86.512,11960,11952,11960,11952,11944,11952,7600,7780,8240,7880,8520,7960,47980,8520,7600,920,11944,569.23,76,100,2842,13801,N/A,
1786737653.164,2026-08-14T22:00:53,87.012,11960,11952,11960,11952,11944,11952,7600,7800,8220,7860,8520,7960,47960,8520,7600,920,11944,569.44,76,100,2842,13801,N/A,
1786737653.664,2026-08-14T22:00:53,87.512,11960,11952,11960,11952,11944,11952,7600,7800,8220,7860,8520,7960,47960,8520,7600,920,11944,569.13,76,100,2842,13801,N/A,
1786737654.164,2026-08-14T22:00:54,88.012,11960,11952,11960,11952,11944,11952,7600,7800,8220,7860,8520,7960,47960,8520,7600,920,11944,569.01,76,100,2842,13801,N/A,
1786737654.664,2026-08-14T22:00:54,88.512,11960,11944,11960,11952,11944,11952,7600,7780,8240,7860,8520,7960,47960,8520,7600,920,11944,569.43,76,100,2842,13801,N/A,
1786737655.164,2026-08-14T22:00:55,89.013,11960,11944,11960,11952,11944,11952,7600,7780,8240,7880,8520,7960,47980,8520,7600,920,11944,569.87,76,100,2842,13801,N/A,
1786737655.664,2026-08-14T22:00:55,89.513,11960,11944,11960,11952,11944,11952,7600,7780,8240,7880,8520,7960,47980,8520,7600,920,11944,570.13,76,100,2842,13801,N/A,
1786737656.164,2026-08-14T22:00:56,90.013,11960,11944,11960,11952,11944,11952,7600,7780,8240,7880,8500,7960,47960,8500,7600,900,11944,570.19,76,100,2842,13801,N/A,
1786737656.664,2026-08-14T22:00:56,90.513,11960,11944,11960,11952,11944,11952,7600,7780,8240,7880,8520,7960,47980,8520,7600,920,11944,569.95,76,100,2842,13801,N/A,
1786737657.164,2026-08-14T22:00:57,91.013,11960,11944,11960,11944,11944,11952,7620,7800,8240,7880,8520,7980,48040,8520,7620,900,11944,569.87,76,100,2842,13801,N/A,
1786737657.664,2026-08-14T22:00:57,91.513,11960,11944,11960,11944,11944,11952,7600,7800,8240,7880,8520,7980,48020,8520,7600,920,11944,570.77,76,100,2842,13801,N/A,
1786737658.164,2026-08-14T22:00:58,92.013,11960,11944,11960,11952,11944,11952,7600,7800,8260,7880,8520,7980,48040,8520,7600,920,11944,570.55,76,100,2850,13801,N/A,
1786737658.665,2026-08-14T22:00:58,92.513,11960,11944,11960,11952,11944,11952,7600,7800,8260,7880,8520,7980,48040,8520,7600,920,11944,570.48,76,100,2842,13801,N/A,
1786737659.165,2026-08-14T22:00:59,93.013,11960,11952,11960,11944,11944,11952,7620,7800,8260,7900,8520,7980,48080,8520,7620,900,11944,570.44,76,100,2842,13801,N/A,
1786737659.664,2026-08-14T22:00:59,93.513,11960,11952,11952,11944,11944,11952,7600,7800,8260,7900,8520,7980,48060,8520,7600,920,11944,570.68,76,100,2842,13801,N/A,
1786737660.165,2026-08-14T22:01:00,94.013,11960,11952,11960,11944,11944,11952,7620,7800,8260,7900,8520,7980,48080,8520,7620,900,11944,570.48,76,100,2842,13801,N/A,
1786737660.665,2026-08-14T22:01:00,94.513,11960,11952,11952,11944,11944,11952,7620,7800,8240,7900,8520,7980,48060,8520,7620,900,11944,570.30,76,100,2842,13801,N/A,
1786737661.165,2026-08-14T22:01:01,95.013,11960,11952,11952,11944,11944,11952,7620,7800,8240,7900,8520,7980,48060,8520,7620,900,11944,570.72,76,100,2842,13801,N/A,
1786737661.665,2026-08-14T22:01:01,95.513,11960,11952,11952,11944,11944,11952,7620,7800,8260,7900,8520,7980,48080,8520,7620,900,11944,571.19,76,100,2842,13801,N/A,
1786737662.165,2026-08-14T22:01:02,96.014,11960,11952,11952,11944,11944,11952,7620,7800,8260,7900,8520,7980,48080,8520,7620,900,11944,571.88,77,100,2842,13801,N/A,
1786737662.665,2026-08-14T22:01:02,96.514,11960,11952,11952,11944,11944,11952,7620,7820,8260,7900,8540,7980,48120,8540,7620,920,11944,571.53,76,100,2842,13801,N/A,
1786737663.165,2026-08-14T22:01:03,97.014,11960,11944,11952,11952,11944,11952,7620,7820,8240,7880,8540,7980,48080,8540,7620,920,11944,571.34,77,100,2842,13801,N/A,
1786737663.665,2026-08-14T22:01:03,97.514,11960,11944,11952,11952,11944,11952,7620,7820,8240,7880,8540,7980,48080,8540,7620,920,11944,571.20,77,100,2842,13801,N/A,
1786737664.165,2026-08-14T22:01:04,98.014,11960,11944,11960,11944,11944,11952,7620,7820,8260,7900,8540,7980,48120,8540,7620,920,11944,571.55,77,100,2842,13801,N/A,
1786737664.665,2026-08-14T22:01:04,98.514,11960,11944,11960,11952,11944,11952,7620,7820,8260,7900,8540,7980,48120,8540,7620,920,11944,571.62,77,100,2842,13801,N/A,
1786737665.165,2026-08-14T22:01:05,99.014,11960,11944,11960,11944,11944,11952,7620,7820,8260,7900,8540,8000,48140,8540,7620,920,11944,571.61,77,100,2842,13801,N/A,
1786737665.665,2026-08-14T22:01:05,99.514,11960,11944,11960,11944,11944,11952,7620,7820,8260,7900,8540,8000,48140,8540,7620,920,11944,572.00,77,100,2842,13801,N/A,
1786737666.166,2026-08-14T22:01:06,100.014,11960,11952,11960,11944,11944,11952,7620,7820,8260,7900,8540,8000,48140,8540,7620,920,11944,572.06,77,100,2850,13801,N/A,
1786737666.666,2026-08-14T22:01:06,100.514,11960,11952,11960,11944,11944,11952,7620,7820,8260,7900,8560,8000,48160,8560,7620,940,11944,572.12,77,100,2842,13801,N/A,
1786737667.165,2026-08-14T22:01:07,101.014,11960,11944,11960,11944,11944,11952,7620,7820,8280,7900,8560,8000,48180,8560,7620,940,11944,572.37,77,100,2842,13801,N/A,
1786737667.666,2026-08-14T22:01:07,101.514,11960,11944,11952,11944,11944,11952,7620,7820,8280,7900,8540,8000,48160,8540,7620,920,11944,572.68,77,100,2842,13801,N/A,
1786737668.166,2026-08-14T22:01:08,102.014,11960,11952,11952,11944,11944,11952,7620,7820,8280,7920,8540,8000,48180,8540,7620,920,11944,572.49,77,100,2842,13801,N/A,
1786737668.666,2026-08-14T22:01:08,102.514,11960,11952,11952,11944,11944,11952,7620,7820,8280,7920,8540,8000,48180,8540,7620,920,11944,572.56,77,100,2842,13801,N/A,
1786737669.166,2026-08-14T22:01:09,103.014,11960,11944,11952,11944,11944,11952,7640,7820,8280,7920,8560,8000,48220,8560,7640,920,11944,572.54,77,100,2842,13801,N/A,
1786737669.666,2026-08-14T22:01:09,103.515,11960,11952,11960,11944,11944,11952,7640,7820,8280,7920,8560,8000,48220,8560,7640,920,11944,572.51,77,100,2842,13801,N/A,
1786737670.166,2026-08-14T22:01:10,104.015,11960,11952,11960,11944,11944,11952,7640,7820,8280,7920,8560,8000,48220,8560,7640,920,11944,573.04,77,100,2842,13801,N/A,
1786737670.666,2026-08-14T22:01:10,104.515,11960,11944,11960,11944,11944,11952,7640,7840,8280,7920,8560,8000,48240,8560,7640,920,11944,573.09,77,100,2842,13801,N/A,
1786737671.166,2026-08-14T22:01:11,105.015,11960,11952,11960,11944,11944,11952,7640,7840,8280,7920,8560,8000,48240,8560,7640,920,11944,572.60,77,100,2842,13801,N/A,
1786737671.666,2026-08-14T22:01:11,105.515,11960,11952,11960,11944,11944,11952,7640,7820,8280,7920,8560,8000,48220,8560,7640,920,11944,572.32,77,100,2842,13801,N/A,
1786737672.166,2026-08-14T22:01:12,106.015,11960,11952,11960,11944,11944,11952,7640,7820,8280,7920,8560,8000,48220,8560,7640,920,11944,572.45,77,100,2842,13801,N/A,
1786737672.666,2026-08-14T22:01:12,106.515,11960,11952,11960,11944,11944,11952,7640,7820,8280,7920,8560,8000,48220,8560,7640,920,11944,572.79,77,100,2842,13801,N/A,
1786737673.166,2026-08-14T22:01:13,107.015,11960,11952,11960,11944,11944,11944,7640,7820,8280,7900,8560,8000,48200,8560,7640,920,11944,573.37,77,100,2842,13801,N/A,
1786737673.667,2026-08-14T22:01:13,107.515,11960,11944,11960,11944,11944,11944,7640,7820,8280,7900,8560,8000,48200,8560,7640,920,11944,573.09,77,100,2842,13801,N/A,
1786737674.167,2026-08-14T22:01:14,108.015,11960,11944,11960,11944,11944,11952,7640,7820,8280,7900,8560,8000,48200,8560,7640,920,11944,573.16,77,100,2842,13801,N/A,
1786737674.667,2026-08-14T22:01:14,108.515,11960,11944,11960,11944,11944,11944,7640,7820,8280,7900,8560,8000,48200,8560,7640,920,11944,573.87,77,100,2842,13801,N/A,
1786737675.167,2026-08-14T22:01:15,109.015,11960,11952,11952,11944,11944,11952,7640,7820,8280,7920,8560,8000,48220,8560,7640,920,11944,573.52,77,100,2842,13801,N/A,
1786737675.667,2026-08-14T22:01:15,109.515,11960,11944,11960,11944,11944,11952,7640,7820,8280,7920,8560,8000,48220,8560,7640,920,11944,573.34,77,100,2842,13801,N/A,
1786737676.167,2026-08-14T22:01:16,110.015,11960,11952,11960,11944,11944,11952,7640,7840,8280,7920,8560,8000,48240,8560,7640,920,11944,573.60,77,100,2842,13801,N/A,
1786737676.667,2026-08-14T22:01:16,110.516,11960,11952,11960,11944,11944,11952,7640,7820,8280,7920,8560,8000,48220,8560,7640,920,11944,573.35,77,100,2842,13801,N/A,
1786737677.167,2026-08-14T22:01:17,111.016,11960,11952,11960,11944,11944,11952,7640,7840,8280,7920,8560,8000,48240,8560,7640,920,11944,573.28,77,100,2842,13801,N/A,
1786737677.667,2026-08-14T22:01:17,111.516,11960,11952,11960,11944,11944,11952,7640,7840,8280,7920,8560,8000,48240,8560,7640,920,11944,573.21,77,100,2842,13801,N/A,
1786737678.167,2026-08-14T22:01:18,112.016,11960,11952,11960,11944,11944,11952,7640,7840,8280,7920,8560,8000,48240,8560,7640,920,11944,573.48,77,100,2842,13801,N/A,
1786737678.667,2026-08-14T22:01:18,112.516,11960,11952,11960,11944,11944,11952,7640,7840,8280,7920,8560,8000,48240,8560,7640,920,11944,573.79,77,100,2842,13801,N/A,
1786737679.167,2026-08-14T22:01:19,113.016,11960,11952,11960,11944,11944,11952,7640,7840,8280,7920,8560,8000,48240,8560,7640,920,11944,574.53,77,100,2842,13801,N/A,
1786737679.669,2026-08-14T22:01:19,113.516,11960,11944,11960,11944,11944,11952,7640,7840,8280,7920,8560,8020,48260,8560,7640,920,11944,574.27,77,100,2842,13801,N/A,
1786737680.168,2026-08-14T22:01:20,114.016,11960,11944,11960,11944,11944,11952,7640,7840,8280,7920,8560,8000,48240,8560,7640,920,11944,573.75,77,100,2842,13801,N/A,
1786737680.668,2026-08-14T22:01:20,114.516,11960,11952,11960,11944,11944,11952,7640,7840,8280,7920,8560,8000,48240,8560,7640,920,11944,573.86,77,100,2842,13801,N/A,
1786737681.168,2026-08-14T22:01:21,115.016,11960,11952,11960,11944,11944,11952,7640,7840,8280,7920,8560,8000,48240,8560,7640,920,11944,573.73,77,100,2842,13801,N/A,
1786737681.667,2026-08-14T22:01:21,115.516,11960,11952,11960,11944,11944,11952,7640,7840,8280,7920,8560,8000,48240,8560,7640,920,11944,573.96,77,100,2842,13801,N/A,
1786737682.168,2026-08-14T22:01:22,116.016,11960,11952,11960,11944,11944,11952,7640,7840,8280,7920,8560,8000,48240,8560,7640,920,11944,573.96,77,100,2842,13801,N/A,
1786737682.668,2026-08-14T22:01:22,116.516,11960,11952,11960,11944,11944,11952,7640,7840,8280,7920,8560,8000,48240,8560,7640,920,11944,574.03,77,100,2842,13801,N/A,
1786737683.168,2026-08-14T22:01:23,117.016,11960,11952,11960,11944,11944,11952,7640,7840,8280,7920,8560,8000,48240,8560,7640,920,11944,573.97,76,100,2842,13801,N/A,
1786737683.668,2026-08-14T22:01:23,117.517,11960,11952,11960,11944,11944,11952,7640,7840,8280,7920,8560,8000,48240,8560,7640,920,11944,573.81,77,100,2842,13801,N/A,
1786737684.168,2026-08-14T22:01:24,118.017,11960,11952,11960,11944,11944,11952,7640,7840,8280,7920,8560,8000,48240,8560,7640,920,11944,573.10,77,100,2842,13801,N/A,
1786737684.668,2026-08-14T22:01:24,118.517,11960,11952,11960,11944,11944,11952,7640,7840,8280,7920,8560,8000,48240,8560,7640,920,11944,573.13,77,100,2842,13801,N/A,
1786737685.168,2026-08-14T22:01:25,119.017,11960,11952,11960,11944,11944,11952,7640,7820,8300,7920,8560,8000,48240,8560,7640,920,11944,573.36,77,100,2842,13801,N/A,
1786737685.668,2026-08-14T22:01:25,119.517,11960,11952,11952,11944,11944,11952,7640,7820,8300,7920,8560,8000,48240,8560,7640,920,11944,572.95,77,100,2842,13801,N/A,
1786737686.168,2026-08-14T22:01:26,120.017,11960,11952,11960,11944,11944,11952,7640,7840,8280,7920,8560,8000,48240,8560,7640,920,11944,573.27,77,100,2842,13801,N/A,
1786737686.669,2026-08-14T22:01:26,120.517,11960,11952,11960,11944,11944,11952,7640,7820,8280,7920,8560,8000,48220,8560,7640,920,11944,573.85,77,100,2842,13801,N/A,
1786737687.168,2026-08-14T22:01:27,121.017,11960,11952,11960,11944,11944,11952,7640,7840,8280,7920,8560,8000,48240,8560,7640,920,11944,573.21,77,100,2842,13801,N/A,
1786737687.669,2026-08-14T22:01:27,121.517,11960,11952,11960,11944,11944,11952,7640,7840,8280,7920,8560,8000,48240,8560,7640,920,11944,573.08,77,100,2842,13801,N/A,
1786737688.169,2026-08-14T22:01:28,122.017,11960,11952,11960,11944,11944,11952,7640,7840,8280,7920,8560,8000,48240,8560,7640,920,11944,573.55,77,100,2842,13801,N/A,
1786737688.669,2026-08-14T22:01:28,122.517,11960,11952,11960,11944,11944,11952,7640,7840,8280,7920,8560,8020,48260,8560,7640,920,11944,573.39,77,100,2842,13801,N/A,
1786737689.169,2026-08-14T22:01:29,123.017,11960,11952,11952,11944,11944,11952,7640,7840,8280,7920,8560,8000,48240,8560,7640,920,11944,572.93,77,100,2842,13801,N/A,
1786737689.669,2026-08-14T22:01:29,123.517,11960,11952,11960,11944,11944,11952,7640,7840,8280,7920,8560,8000,48240,8560,7640,920,11944,572.70,77,100,2842,13801,N/A,
1786737690.169,2026-08-14T22:01:30,124.017,11960,11952,11952,11944,11944,11952,7640,7840,8280,7920,8560,8020,48260,8560,7640,920,11944,572.09,77,100,2842,13801,N/A,
1786737690.669,2026-08-14T22:01:30,124.518,11960,11952,11960,11944,11944,11952,7640,7820,8280,7920,8560,8000,48220,8560,7640,920,11944,572.28,77,100,2842,13801,N/A,
1786737691.169,2026-08-14T22:01:31,125.018,11960,11952,11960,11944,11944,11952,7640,7820,8280,7920,8560,8000,48220,8560,7640,920,11944,572.78,77,100,2842,13801,N/A,
1786737691.669,2026-08-14T22:01:31,125.518,11960,11952,11952,11944,11944,11952,7640,7820,8280,7920,8560,8000,48220,8560,7640,920,11944,572.86,77,100,2842,13801,N/A,
1786737692.169,2026-08-14T22:01:32,126.018,11960,11952,11952,11944,11944,11952,7640,7820,8280,7920,8560,8000,48220,8560,7640,920,11944,572.93,77,100,2842,13801,N/A,
1786737692.669,2026-08-14T22:01:32,126.518,11960,11952,11952,11944,11944,11952,7640,7820,8280,7920,8560,8000,48220,8560,7640,920,11944,572.24,77,100,2842,13801,N/A,
1786737693.169,2026-08-14T22:01:33,127.018,11960,11952,11952,11944,11944,11952,7640,7820,8280,7920,8560,8000,48220,8560,7640,920,11944,572.19,77,100,2842,13801,N/A,
1786737693.672,2026-08-14T22:01:33,127.518,11960,11952,11952,11944,11944,11952,7640,7820,8280,7920,8560,8000,48220,8560,7640,920,11944,572.08,77,100,2842,13801,N/A,
1786737694.170,2026-08-14T22:01:34,128.018,11960,11952,11960,11944,11944,11952,7640,7820,8280,7920,8560,8000,48220,8560,7640,920,11944,571.40,76,100,2842,13801,N/A,
1786737694.670,2026-08-14T22:01:34,128.518,11960,11952,11960,11944,11944,11952,7640,7820,8280,7920,8560,8000,48220,8560,7640,920,11944,571.53,77,100,2842,13801,N/A,
1786737695.170,2026-08-14T22:01:35,129.018,11960,11944,11960,11944,11944,11952,7640,7820,8280,7920,8560,8020,48240,8560,7640,920,11944,572.52,77,100,2842,13801,N/A,
1786737695.670,2026-08-14T22:01:35,129.518,11960,11952,11960,11952,11944,11952,7640,7840,8280,7920,8560,8000,48240,8560,7640,920,11944,572.58,77,100,2842,13801,N/A,
1786737696.170,2026-08-14T22:01:36,130.018,11960,11952,11960,11944,11944,11952,7620,7840,8280,7920,8540,8000,48200,8540,7620,920,11944,571.76,77,100,2842,13801,N/A,
1786737696.670,2026-08-14T22:01:36,130.518,11960,11952,11960,11944,11944,11952,7640,7840,8280,7920,8560,8000,48240,8560,7640,920,11944,571.48,77,100,2842,13801,N/A,
1786737697.170,2026-08-14T22:01:37,131.018,11960,11952,11960,11944,11944,11952,7640,7840,8280,7920,8560,8000,48240,8560,7640,920,11944,572.08,77,100,2842,13801,N/A,
1786737697.670,2026-08-14T22:01:37,131.519,11960,11952,11960,11944,11944,11952,7640,7840,8280,7920,8560,8000,48240,8560,7640,920,11944,572.79,77,100,2842,13801,N/A,
1786737698.170,2026-08-14T22:01:38,132.019,11960,11952,11960,11944,11944,11952,7640,7820,8280,7920,8560,8000,48220,8560,7640,920,11944,573.00,77,100,2842,13801,N/A,
1786737698.670,2026-08-14T22:01:38,132.519,11960,11952,11960,11944,11944,11952,7620,7820,8280,7920,8560,8000,48200,8560,7620,940,11944,572.70,77,100,2842,13801,N/A,
1786737699.170,2026-08-14T22:01:39,133.019,11960,11952,11960,11944,11944,11952,7640,7820,8280,7920,8560,8000,48220,8560,7640,920,11944,572.56,76,100,2842,13801,N/A,
1786737699.670,2026-08-14T22:01:39,133.519,11960,11952,11960,11944,11944,11952,7620,7840,8280,7920,8560,8000,48220,8560,7620,940,11944,572.89,77,100,2842,13801,N/A,
1786737700.170,2026-08-14T22:01:40,134.019,11960,11952,11960,11944,11944,11952,7640,7820,8280,7920,8560,8000,48220,8560,7640,920,11944,572.66,77,100,2842,13801,N/A,
1786737700.670,2026-08-14T22:01:40,134.519,11960,11952,11960,11944,11944,11952,7640,7820,8280,7920,8560,8000,48220,8560,7640,920,11944,572.04,77,100,2842,13801,N/A,
1786737701.171,2026-08-14T22:01:41,135.019,11960,11952,11960,11944,11944,11952,7640,7820,8280,7920,8560,8000,48220,8560,7640,920,11944,572.19,77,100,2842,13801,N/A,
1786737701.671,2026-08-14T22:01:41,135.519,11960,11952,11960,11944,11944,11952,7640,7820,8280,7920,8560,8000,48220,8560,7640,920,11944,572.80,77,100,2842,13801,N/A,
1786737702.171,2026-08-14T22:01:42,136.019,11960,11952,11960,11944,11944,11952,7640,7820,8280,7920,8560,8000,48220,8560,7640,920,11944,572.75,77,100,2842,13801,N/A,
1786737702.671,2026-08-14T22:01:42,136.519,11960,11952,11960,11944,11944,11952,7640,7820,8280,7920,8560,8000,48220,8560,7640,920,11944,572.13,77,100,2842,13801,N/A,
1786737703.171,2026-08-14T22:01:43,137.019,11960,11952,11960,11944,11944,11952,7640,7820,8280,7920,8540,8000,48200,8540,7640,900,11944,571.80,77,100,2842,13801,N/A,
1786737703.671,2026-08-14T22:01:43,137.519,11984,11968,11976,11968,11968,11968,6960,7140,7560,7240,7820,7340,44060,7820,6960,860,11968,543.58,69,31,2842,13801,N/A,
1786737704.171,2026-08-14T22:01:44,138.019,12024,12008,12016,12008,12008,12008,5680,5820,6160,5900,6380,5980,35920,6380,5680,700,12008,311.96,63,1,2917,13801,N/A,
1786737704.671,2026-08-14T22:01:44,138.520,12048,12040,12048,12032,12032,12040,4700,4820,5100,4880,5300,4960,29760,5300,4700,600,12032,124.69,62,0,2917,13801,N/A,
1786737705.172,2026-08-14T22:01:45,139.020,12072,12064,12072,12064,12056,12064,3900,4000,4220,4040,4400,4120,24680,4400,3900,500,12056,107.23,62,1,2917,13801,N/A,
1786737705.672,2026-08-14T22:01:45,139.520,12096,12088,12096,12088,12080,12088,3160,3220,3400,3260,3560,3320,19920,3560,3160,400,12080,91.07,60,0,2257,7001,N/A,
1786737706.172,2026-08-14T22:01:46,140.020,12112,12104,12112,12104,12104,12104,2580,2640,2760,2660,2900,2700,16240,2900,2580,320,12104,66.38,59,1,630,7001,N/A,
1786737706.672,2026-08-14T22:01:46,140.520,12128,12120,12128,12120,12112,12120,2120,2180,2280,2180,2400,2240,13400,2400,2120,280,12112,49.72,59,0,547,7001,N/A,
1786737707.173,2026-08-14T22:01:47,141.020,12136,12128,12136,12128,12128,12128,1780,1820,1900,1820,2000,1880,11200,2000,1780,220,12128,48.47,58,0,412,7001,N/A,
1786737707.673,2026-08-14T22:01:47,141.520,12136,12128,12136,12128,12128,12128,1780,1820,1900,1820,2000,1880,11200,2000,1780,220,12128,46.07,58,2,397,810,N/A,
1786737708.175,2026-08-14T22:01:48,142.020,12144,12136,12144,12136,12136,12136,1500,1540,1600,1540,1700,1580,9460,1700,1500,200,12136,40.79,58,2,390,810,N/A,
1786737708.678,2026-08-14T22:01:48,142.520,12152,12144,12152,12144,12144,12144,1280,1320,1360,1300,1440,1340,8040,1440,1280,160,12144,36.06,57,2,277,810,N/A,
1786737709.178,2026-08-14T22:01:49,143.020,12160,12144,12152,12144,12144,12152,1100,1120,1160,1120,1240,1160,6900,1240,1100,140,12144,30.72,57,4,322,810,N/A,
1786737709.675,2026-08-14T22:01:49,143.520,12160,12152,12160,12152,12152,12152,960,1000,1020,980,1100,1020,6080,1100,960,140,12152,27.52,57,3,450,405,N/A,
1786737710.179,2026-08-14T22:01:50,144.020,12160,12152,12160,12152,12152,12160,860,880,900,880,980,900,5400,980,860,120,12152,27.94,57,4,480,405,N/A,
1786737710.675,2026-08-14T22:01:50,144.520,12168,12152,12168,12160,12152,12160,800,820,820,800,880,820,4940,880,800,80,12152,27.44,56,4,540,405,N/A,
1786737711.176,2026-08-14T22:01:51,145.020,12168,12160,12168,12160,12160,12160,720,760,740,740,820,760,4540,820,720,100,12160,28.78,57,4,532,405,N/A,
1786737711.678,2026-08-14T22:01:51,145.521,12168,12160,12168,12160,12160,12168,680,700,700,680,760,700,4220,760,680,80,12160,28.81,56,0,450,405,N/A,
1786737712.175,2026-08-14T22:01:52,146.021,12168,12160,12168,12160,12160,12168,640,660,660,640,700,660,3960,700,640,60,12160,27.33,56,4,420,405,N/A,
1786737712.686,2026-08-14T22:01:52,146.521,12168,12160,12168,12160,12160,12168,640,660,660,640,700,660,3960,700,640,60,12160,27.70,56,3,495,405,N/A,
1786737713.178,2026-08-14T22:01:53,147.021,12168,12160,12168,12160,12160,12168,600,620,620,600,680,620,3740,680,600,80,12160,26.99,56,3,420,405,N/A,
1786737713.678,2026-08-14T22:01:53,147.521,12168,12160,12168,12160,12160,12168,580,600,600,580,660,620,3640,660,580,80,12160,26.94,56,4,525,405,N/A,
1786737714.178,2026-08-14T22:01:54,148.021,12168,12160,12176,12168,12160,12168,560,580,580,560,640,600,3520,640,560,80,12160,27.60,55,3,472,405,N/A,
1786737714.678,2026-08-14T22:01:54,148.521,12176,12160,12176,12168,12160,12168,540,560,560,540,620,580,3400,620,540,80,12160,27.13,55,6,435,405,N/A,
1786737715.178,2026-08-14T22:01:55,149.021,12176,12168,12176,12168,12160,12168,540,560,560,520,600,580,3360,600,520,80,12160,26.01,55,0,412,405,N/A,
1786737715.677,2026-08-14T22:01:55,149.521,12176,12168,12176,12168,12168,12168,520,540,540,520,600,560,3280,600,520,80,12168,26.99,55,4,502,405,N/A,
1786737716.178,2026-08-14T22:01:56,150.021,12176,12160,12176,12168,12168,12168,520,540,540,500,580,560,3240,580,500,80,12160,25.82,55,0,457,405,N/A,
1786737716.677,2026-08-14T22:01:56,150.521,12176,12168,12176,12168,12168,12168,520,540,540,520,600,560,3280,600,520,80,12168,26.89,55,7,472,405,N/A,
1786737717.178,2026-08-14T22:01:57,151.021,12176,12168,12176,12160,12160,12168,520,540,540,540,600,580,3320,600,520,80,12160,29.55,55,3,412,405,N/A,
1786737717.679,2026-08-14T22:01:57,151.521,12176,12168,12176,12160,12160,12168,540,560,560,540,600,580,3380,600,540,60,12160,32.77,55,8,405,405,N/A,
1786737718.178,2026-08-14T22:01:58,152.021,12176,12160,12176,12160,12160,12168,540,560,560,540,620,560,3380,620,540,80,12160,32.82,54,3,420,405,N/A,
1786737718.676,2026-08-14T22:01:58,152.522,12176,12160,12176,12168,12160,12168,540,580,560,540,620,580,3420,620,540,80,12160,33.46,55,7,502,405,N/A,
1786737719.179,2026-08-14T22:01:59,153.022,12176,12160,12176,12168,12160,12168,540,560,560,540,620,580,3400,620,540,80,12160,31.70,54,4,442,405,N/A,
1786737719.678,2026-08-14T22:01:59,153.522,12176,12160,12176,12168,12160,12168,540,580,560,540,620,580,3420,620,540,80,12160,32.47,54,3,435,405,N/A,
1786737720.179,2026-08-14T22:02:00,154.022,12176,12160,12176,12160,12160,12168,540,580,560,540,620,580,3420,620,540,80,12160,31.79,54,3,412,405,N/A,
1786737720.677,2026-08-14T22:02:00,154.522,12176,12160,12176,12168,12160,12168,540,560,560,540,620,560,3380,620,540,80,12160,31.12,54,5,472,405,N/A,
1786737721.176,2026-08-14T22:02:01,155.022,12176,12160,12176,12168,12160,12168,540,560,560,540,620,560,3380,620,540,80,12160,30.43,54,4,390,405,N/A,
1786737721.679,2026-08-14T22:02:01,155.522,12176,12160,12176,12168,12160,12168,540,560,560,520,620,560,3360,620,520,100,12160,31.01,54,4,495,405,N/A,
1786737722.179,2026-08-14T22:02:02,156.022,12176,12160,12176,12168,12160,12168,540,560,560,520,620,560,3360,620,520,100,12160,31.06,54,3,360,405,N/A,
1786737722.677,2026-08-14T22:02:02,156.522,12176,12160,12176,12168,12160,12168,540,540,540,520,600,540,3280,600,520,80,12160,28.00,54,3,517,405,N/A,
1786737723.180,2026-08-14T22:02:03,157.022,12176,12160,12176,12168,12168,12168,520,540,540,500,580,540,3220,580,500,80,12160,26.69,53,6,420,405,N/A,
1786737723.679,2026-08-14T22:02:03,157.522,12176,12160,12176,12168,12168,12168,520,520,540,500,580,540,3200,580,500,80,12160,26.13,53,3,555,405,N/A,
1786737724.178,2026-08-14T22:02:04,158.022,12176,12160,12176,12168,12160,12168,520,540,540,500,600,540,3240,600,500,100,12160,26.86,53,3,450,405,N/A,
1786737724.679,2026-08-14T22:02:04,158.522,12176,12160,12176,12168,12160,12168,540,540,540,520,600,560,3300,600,520,80,12160,30.69,53,3,600,405,N/A,
1786737725.179,2026-08-14T22:02:05,159.022,12176,12160,12176,12168,12160,12168,540,560,560,540,620,560,3380,620,540,80,12160,33.43,53,3,405,405,N/A,
1786737725.680,2026-08-14T22:02:05,159.523,12176,12160,12176,12168,12160,12168,540,560,560,520,600,560,3340,600,520,80,12160,33.34,53,2,547,405,N/A,
1786737726.178,2026-08-14T22:02:06,160.023,12176,12160,12176,12168,12160,12168,540,560,560,520,620,560,3360,620,520,100,12160,32.45,53,6,405,405,N/A,
1786737726.680,2026-08-14T22:02:06,160.523,12176,12160,12176,12168,12160,12168,540,560,560,520,600,560,3340,600,520,80,12160,30.83,53,3,495,405,N/A,
